paragraph,predict_label,count,different,empty,diff rate,empty rate
On the cover Alicia Alcantara Dendura is among hundreds of Rockwell,12,26,diff,empty,0.855621301775148,0.6011834319526628
We are a global leader in industrial automation and digital transformation We connect the imaginations of people with the potential of technology to expand what is,15,26,diff,empty,,
humanly possible making the world more productive and,9,26,diff,empty,,
Our Strategy is to bring the Connected Enterprise to life Nobody is better positioned to bring information and,1,26,diff,empty,,
operational technology together than us and our partners,1,26,diff,empty,,
Our Mission is to integrate control and information across the enterprise to help industrial companies and their people be more productive and sustainable,10,26,diff,empty,,
It is my pleasure to present our 2021 Sustainability Report Amid a pandemic that is stretching into a third year we are making significant progress on our most important goals including efforts to make our company customers and communities more sustainable In some ways these efforts were accelerated by world events as we continue to act with urgency to make a difference,10,0,diff,,,
A companys value is only the sum of the ongoing,18,26,diff,empty,,
combined efforts of its people The interest of,10,26,diff,empty,,
our people to get involved with our sustainability,10,0,diff,,,
make a big difference For example our hardware software and expert services enable vaccine,12,26,diff,empty,,
the globe At all stages of their career employees know that we can use our experience and innova,8,26,diff,empty,,
production at the immense scale and quality the,15,6,diff,,,
tion to tackle some of todays biggest problems,18,26,diff,empty,,
world needs to recover Were also contributing to,5,26,diff,empty,,
the reliable packaging of food to help safely feed,15,14,diff,,,
people as they rely more on storebought items,15,26,diff,empty,,
tomorrow and were doing so from a position of,12,26,diff,empty,,
Were removing barriers that could get in the way,12,26,diff,empty,,
of any of our people throwing their full energy,4,24,diff,,,
and talent into solving these challenges Our top,8,8,,,,
priority is creating a healthy and safe environment,9,26,diff,empty,,
where all people can and want to do their very best,10,26,diff,empty,,
work Our workplace is more flexible and diverse,8,8,,,,
than ever before Plus were adding new people,8,26,diff,empty,,
For more than 100 years weve improved the,12,26,diff,empty,,
by helping our customers use less fuel electricity and water to make the products we need We,15,20,diff,,,
lower their costs and increase their output to,24,26,diff,empty,,
of Sustainabilityto scale up a team dedicated to,17,26,diff,empty,,
new solutions to help our customers do the same,15,26,diff,empty,,
Our culture links our people together to use all,8,8,,,,
integrity and diversity to win the right way and for the long term We consider our potential value,8,0,diff,,,
from the outside in Were moving faster than,24,26,diff,empty,,
ever before and were unlocking the power of,15,26,diff,empty,,
new ideas from all employees And perhaps most,15,26,diff,empty,,
with passion because what we do is essential to,3,26,diff,empty,,
Revenue generated for industrial automation and digital transformation technologies and services that help industrial companies and their people be more productive and sustainable,15,26,diff,empty,,
Revenue generated from energy efficiencyrelated productsofferings per SASBs definition,24,24,,,,
CERTIFIED TO ISO 14001 AND ISO 45001 ENVIRONMENTAL MANAGEMENT AND SAFETY STANDARDS,14,11,diff,,,
including small veteran minority women and LGBTQowned US enterprises,8,26,diff,empty,,
n n 10 Asian n 5 Latinx n 75 White n,8,26,diff,empty,,
Explicit in our mission and central to our purpose sustainability is at the core of what we do,3,0,diff,,,
To accelerate our work we expanded our corporate,3,26,diff,empty,,
sustainability team and function in 2021 with additional,3,0,diff,,,
investment and resources Led by Tom OReilly in a newly created role of Vice President Sustainability the team elevates and aligns our holistic strategy and crossfunctional workstreams focused on,3,0,diff,,,
The teams expansion follows our 2020 materiality assessment,12,4,diff,,,
and updated sustainability strategy and priorities including a new,3,0,diff,,,
goal to be carbon neutral for Scope 1 direct and Scope 2 indirect,24,21,diff,,,
emissions by 2030 To update stakeholders about our progress,25,21,diff,,,
we expanded our reporting portfolio with our first disclosure,12,12,,,,
report that follows the Global Reporting Initiative GRI framework,12,26,diff,empty,,
GRI is one of the most widely used standards for sustainability,14,0,diff,,,
reporting Additionally we released our first Task Force on,12,26,diff,empty,,
describes how we incorporate climate risk into our enterprise,13,12,diff,,,
These reports as well as our Sustainability Accounting Standards Board SASB data are available at the newly designed sustainability section of our website Online enhancements include more details about our sustainability,12,0,diff,,,
Under the three sustainability pillars of Environment Social and Governance ESG we have prioritized the material areas we believe create the most value for our company customers and communities,10,0,diff,,,
Environment We are committed to environmental stewardship within our own operations and across our entire,23,7,diff,,,
Social Our people set us apart By coming together to create a culture that values fairness and equity where all people can and want to do their very best work we are expanding human possibility,10,10,,,,
Governance Our commitment to integrity defines who we are and how we act We do what we say we will always honestly and ethically no exceptions,0,0,,,,
For two decades weve been listed on leading sustainability indices and 2021,18,0,diff,,,
was no different We were named to the FTSE4Good Index Series for the,18,26,diff,empty,,
20th time The Index is designed to measure the performance of companies,18,8,diff,,,
We were also listed on the North America Dow Jones Sustainability Indexes,18,0,diff,,,
for the 11th time The pioneering series of global sustainability benchmarks,18,0,diff,,,
is comprised of global regional and country leaders annually assessed on,4,26,diff,empty,,
longterm governance and economic environmental and social criteria,10,0,diff,,,
Additionally we were once again named to Barrons 100 Most Sustainable,15,26,diff,empty,,
Companies list and ranked among the top five companies in the Leading Climate,13,25,diff,,,
We are focused on driving three outcomes through our sustainability priorities,15,0,diff,,,
Sustainable Customers Enable our customers to achieve their own sustainability goals making a positive impact on the world,15,10,diff,,,
Sustainable Company Create innovative sustainable products and solutions and foster a culture that empowers employees to operate safely sustainably and responsibly,15,8,diff,,,
Sustainable Communities Support the communities in which we live and work having an impact that extends beyond our own organization,10,10,,,,
Together with shared values for a sustainable future were significantly expanding our ability to make a positive impact on the world by helping our global customers achieve their sustainability goals,15,0,diff,,,
We believe information is the key to sustainability Every day,15,0,diff,,,
we help tens of thousands of customers make datadriven,1,26,diff,empty,,
decisions that benefit both business and the planet We help customers leverage digital transformation to reduce global impact,3,10,diff,,,
unlocks access to valuable production data and insights that,1,22,diff,,,
Organizations recognize they must be good stewards of resources,23,26,diff,empty,,
whether it be water air gas electricity steam materials or people,21,20,diff,,,
Sustainability is a growing stakeholder concern with increasing,15,0,diff,,,
demands to do business in ways that are more productive and,15,26,diff,empty,,
responsible Like us at least onefifth of the worlds largest companies have declared net zero emissions goals1,21,21,,,,
The quickest way we can accelerate our sustainability journey is by,3,0,diff,,,
helping our customers accelerate theirs through our decades of,15,26,diff,empty,,
leading software hardware and services With todays advanced,15,26,diff,empty,,
technologies its abundantly clear that sustainability is not a cost but,15,0,diff,,,
an investment that can deliver productivity and real business value,3,26,diff,empty,,
Industrial energy management software solutions to reduce energy use across the value chain,24,24,,,,
Smart water solutions improve water quality and efficiency,20,20,,,,
Waste management and recycling solutions to enable the circular economy,19,19,,,,
Weve focused on energy water and waste as,19,19,,,,
the three areas we believe offer the greatest opportunity for meaningful customer outcomes Were enhancing and expanding our sustainability,15,0,diff,,,
services firm in 2020 With a unique method,3,26,diff,empty,,
ology to help customers start or advance their,15,26,diff,empty,,
Advancing innovation and ecoefficiency in the solar industry Longtime Rockwell customer First Solar is building a third Ohio,15,24,diff,,,
manufacturing facility that will be one of the most advanced,15,15,,,,
of its kind in the solar industry The 18millionsquarefoot plant,24,24,,,,
will combine highly skilled workers with Industry 40 architecture,11,26,diff,empty,,
Internet of Things IoT connectivity to produce a higher degree of automation precision and continuous improvement,1,26,diff,empty,,
Once the new facility achieves full production capacity First Solar,24,24,,,,
expects to produce an anticipated average of one photovoltaic,24,26,diff,empty,,
module commonly known as a solar panel roughly every 275,24,24,,,,
First Solar also plans to build a new facility in India designed with the,24,24,,,,
same advanced manufacturing template as the new Ohio plant The,15,15,,,,
Ohio and India facilities are expected to start operations in 2023 and,3,26,diff,empty,,
Setting the standard for the circular economy in steel production Our control technologies and expertise in plant design and engineering are part of Europes first fullscale,15,26,diff,empty,,
facility to convert CO2 to ethanol for use as fuel in plastic production ArcelorMittal Belgiums Steelanol plant currently in assembly in Ghent represents an important step toward the circular use of carbon by recycling what,24,19,diff,,,
was previously a harmful biproduct into a new commodity The plant which also uses technologies from sustain,19,26,diff,empty,,
ability company LanzaTech is expected to produce 64000 metric tons of ethanol per year with no discharge to the,24,20,diff,,,
environment by the time it reaches full production capacity in 2023,24,26,diff,empty,,
For as long as Ive been with the company sustainability has been an important priority said ArcelorMittal Chief,3,0,diff,,,
Technology Officer Wim Van der Stricht The metal sector is at a turning point and we aim to help set the standard,12,26,diff,empty,,
for how steel production can be done in an environmentally sustainable way,15,26,diff,empty,,
Funding was obtained from various sources including the Flemish government and the European Unions Horizon,12,26,diff,empty,,
2020 research and innovation program under grant agreement No 656437,12,3,diff,,,
We also launched FactoryTalk Energy Manager a prepackaged software application that runs,24,24,,,,
To help customers reduce waste and monitor manage and recycle their production assets,19,19,,,,
energy water and material use compared to a,20,20,,,,
innovators to develop and design new systems to,15,26,diff,empty,,
For example Sealed Air the brand behind the iconic Bubble Wrap product is,15,26,diff,empty,,
innovations Sealed Air uses Rockwell technologies to develop new processes to,21,26,diff,empty,,
recycle plastic scrap and postconsumer plastic back into,19,26,diff,empty,,
product and raw materials and to design and build highly energy efficient,15,24,diff,,,
Between Rockwell Automation and Sealed Air we share the same values,21,0,diff,,,
said Ron Cotterman Sealed Airs vice president of Sustainability Innovation,3,3,,,,
and Strategy Whether its the efficiency of operations whether its trying,4,20,diff,,,
to be resourceful by recycling and reusing materials or whether its driving,15,19,diff,,,
Were applying our expertise to help influence standards and programs that are,12,11,diff,,,
having an impact around the world Rockwells Ian Shih regional vice president Greater China was appointed a national advisor of the United Nations Industrial Development Organization and the Fourth Industrial Revolution Alliance Hes a frequent speaker on the importance of digital transformation,3,4,diff,,,
to empower smart and sustainable manufacturing and carbon neutrality,15,24,diff,,,
Lighting the path to smarter safer and more sustainable communities Dutch lighting manufacturer Sustainder and its partner Technologies Added,24,26,diff,empty,,
used Rockwell systems to develop smart safe street lighting for a northeastern,24,24,,,,
Netherlands city that can reduce energy use by 90 Lighting for cyclists is a major,24,24,,,,
concern in the Netherlands where there are more bicycles than residents The city,12,26,diff,empty,,
of Emmen replaced all streetlights with LED fixtures equipped with sensors including,24,26,diff,empty,,
motion detection that dim and light bicycle paths as needed and contribute to a,24,26,diff,empty,,
From pollutant to resource Using Rockwells control and automation technology,21,26,diff,empty,,
leaders of the West Virginia Water Research Institute,20,4,diff,,,
WVWRI at West Virginia University hope to turn acid mine,17,26,diff,empty,,
drainage into a resource that powers most of todays modern,20,26,diff,empty,,
devices and systems According to Institute Director Paul,1,7,diff,,,
We also expanded our involvement with the World Economic Forum WEF in which Chairman and CEO Blake Moret serves as an agenda contributor and is a past,12,26,diff,empty,,
Davos Forum panelist We joined the WEFs Advanced,4,26,diff,empty,,
as an Advanced Manufacturing Fellow focused on ESG,15,15,,,,
opportunities Allie and Tajaey Young team lead for our,8,26,diff,empty,,
Ziemkiewicz acid mine drainage is the most urgent water,20,20,,,,
sales onboarding programs were also appointed to the,15,26,diff,empty,,
pollution problem in the Appalachian Coal Basin and western,23,19,diff,,,
With funding from the West Virginia Department of,12,26,diff,empty,,
and are building a plant that treats acidmine drainage,20,26,diff,empty,,
contamination and returns clean water to rivers and streams,20,20,,,,
while extracting rare earth elements and critical minerals,17,26,diff,empty,,
Rare earth elements are key components of cellphones,25,26,diff,empty,,
As members theyre helping to shape new ideas that,3,26,diff,empty,,
champion the industry to younger generations and drive,2,26,diff,empty,,
Manufacturing consumes 54 of the worlds energy and contributes to 20 of CO2 emissions globally2 While doing better with current assets clearly presents an,25,15,diff,,,
must be matched with an ambition to reinvent operations,3,26,diff,empty,,
to set in motion more sustainable less carbonintensive,24,26,diff,empty,,
Clean water flows again in West Virginias Muddy Creek,20,20,,,,
P h o t o c o u r t e s y o f,4,26,diff,empty,,
W V U W a t e r R e s e a r c h,12,26,diff,empty,,
n s t i t u t e,4,26,diff,empty,,
As more companies embark on their digital transformation journeys with smarter technologies and greater connectivity cybersecurity and safety are significant concerns,9,1,diff,,,
No company is immune from this potential threat to their business,18,26,diff,empty,,
In the last year more than a third of industrial control systems ICS were targets of cyber attacks3 with highprofile incidents shutting down critical infrastructure that threatened energy water and food,1,20,diff,,,
supplies Ransomware attacks were more prominent with companies,1,1,,,,
paying millions of dollars on top of the millions lost from downtime and,18,26,diff,empty,,
Whats more safety and security risks are inherently linked A security,5,22,diff,,,
breach impacting assets that control physical and kinetic systems can,1,9,diff,,,
potentially damage equipment hurt people and harm the environment,23,26,diff,empty,,
Strong cybersecurity is no longer a best practice but a mustdo With,1,1,,,,
more than 100 years of industrial automation experience we secure,24,26,diff,empty,,
some of the worlds most important plants assets networks and,1,26,diff,empty,,
infrastructure from downtime and damage caused by cyber attacks,1,20,diff,,,
For manufacturers protection starts with a rocksolid foundation of,4,6,diff,,,
operational technology OT expertise to assess security needs develop,1,22,diff,,,
a strategy and deploy manage and secure industrial operations,5,26,diff,empty,,
of industrial control systems were targets of cyber attacks during the first half of 2021 3,1,26,diff,empty,,
We opened our new Cyber Security Operations Center SOC in Israel Located in Tel Aviv the SOC delivers remote cybersecurity services to our,1,1,,,,
CISA to coordinate and issue security alerts and,1,22,diff,,,
to events along with 15 remote service centers,24,6,diff,,,
and systems As the market leader in machine,17,26,diff,empty,,
based in Israel and Oylo based in Spain,3,26,diff,empty,,
power of data to keep people safe and improve,5,22,diff,,,
critical that we as an automation leader partner,1,26,diff,empty,,
jointly innovate on ways to protect our customers,15,26,diff,empty,,
As such we formed new partnerships with Dragos Inc and CrowdStrike,4,26,diff,empty,,
or systems that are in safe mode They also,5,26,diff,empty,,
Our partnership with Dragos a global leader in,4,10,diff,,,
only helps keep people and processes safe but,9,26,diff,empty,,
join our growing list of worldclass cybersecurity partners that includes Claroty and Cisco,1,1,,,,
automation journey they can have a safer more,15,26,diff,empty,,
To provide a greater level of protection and peace,10,6,diff,,,
of mind for our customers we also continue to,15,26,diff,empty,,
more of our own products and achieve certifica,15,26,diff,empty,,
Our customers depend on us to provide products and solutions that comply with regional national and local regulations and standards for environment safety and quality,14,6,diff,,,
We serve as a global resource for new and emerging,3,26,diff,empty,,
As a producer of Electrical and Electronic Equipment,24,26,diff,empty,,
EEE under the EUs Waste EEE extended producer,19,19,,,,
responsibility framework we continue to take back free,10,0,diff,,,
of charge inscope waste for treatment and recycling,19,19,,,,
Were proactive in our approach with a priority to achieve,12,26,diff,empty,,
compliance ahead of scheduled deadlines and work closely,12,0,diff,,,
We are ahead of schedule to meet the UKCA United,12,26,diff,empty,,
with our suppliers to verify conformance and when,17,26,diff,empty,,
requires a new product mark for products sold within,15,26,diff,empty,,
the UK The marking applies to most goods previously,15,26,diff,empty,,
In 2021 we completed compliance ahead of a July amend,12,0,diff,,,
subject to the CE marking which required manufacturers to take responsibility for product compliance with all,14,0,diff,,,
ment deadline that added four phthalates to the list of,6,26,diff,empty,,
restricted substances in the EU Restriction of Hazardous,19,19,,,,
Substances RoHS Directive Phthalates are a group of,25,26,diff,empty,,
We also completed several milestones as part of our ongoing,12,26,diff,empty,,
We consider the entire lifecycle of our products including,15,26,diff,empty,,
program to meet the European Union EU Ecodesign direc,12,26,diff,empty,,
the highest standards of product safety and compliance,14,9,diff,,,
tive which is a set of mandatory requirements to improve,12,26,diff,empty,,
energy efficiency and reduce greenhouse gas emissions All,25,25,,,,
our inscope product offerings including displays and low,15,26,diff,empty,,
Were proud to work with the worlds top life sciences companies providing them with the automation technologies they need to develop and produce new medicines and treatments,6,26,diff,empty,,
In fact 95 of Fortune 500 life sciences,17,26,diff,empty,,
companies are Rockwell customers4 As the global COVID19 pandemic brings,18,26,diff,empty,,
who needed to scale up rapidly to meet global demand Thermo Fisher Scientific plays an important role in the pharmaceutical ecosystem,18,4,diff,,,
as part of their Pharma 40 digital transformation,3,26,diff,empty,,
compliance all of which play a critical role in,0,0,,,,
disparate systems resulting in increased visibility and access to realtime data for faster decision,1,22,diff,,,
making one of our customers reduced time to,24,26,diff,empty,,
Were working with the life sciences industry to,15,11,diff,,,
machine can do the work of several all with fewer,4,26,diff,empty,,
greater on the life sciences industry But with our,15,26,diff,empty,,
Reimagining whats possible in biopharmaceutical production Cytiva is a global life sciences leader working to transform human,17,10,diff,,,
health by providing access to lifechanging therapies With 75,2,6,diff,,,
ogies the company has more than 100000 systems in use globally,1,26,diff,empty,,
Cytiva is a trusted provider supplying the tools and services the,15,26,diff,empty,,
biopharma industry needs to work better faster and safer leading to,15,26,diff,empty,,
better patient outcomes Thats just one important reason why Cytiva,2,26,diff,empty,,
relies on our Connected Enterprise technologies as part of its digital transformation and Industry 40 initiative,3,26,diff,empty,,
Now more than ever as an industry we must get smaller faster and,12,26,diff,empty,,
more costeffective in the way we manufacture drugs vaccines and,24,26,diff,empty,,
therapeutics said Cytivas Kevin Seaver executive general manager,6,26,diff,empty,,
Automation and Digital By automating processes and analyzing,15,26,diff,empty,,
data we can rethink every step of drug manufacturing and realize,6,15,diff,,,
economies of scale with flexibility efficiency and confidence,4,3,diff,,,
Working with Pyure to combat COVID19 and provide cleaner air We entered into a fiveyear strategic agreement with The Pyure,21,11,diff,,,
Company to work together to provide solutions that improve,15,26,diff,empty,,
indoor air quality and fight the spread of COVID19 Pyure is an,21,6,diff,,,
kill more than 99 of the most common indoor pathogens including,20,21,diff,,,
With the pandemic remaining a top health concern Pyure will use our,13,6,diff,,,
product and software offerings to provide customers with secure,1,26,diff,empty,,
realtime access to industrial operations data and the ability to,1,22,diff,,,
integrate that information and control into their building manage,1,26,diff,empty,,
ment strategy The increased data visibility allows Pyure customers,1,22,diff,,,
to compare indoor and outdoor conditions to choose the best,9,21,diff,,,
Partnership to automate tissue and organ production Since 2018 weve partnered with the Advanced Regenerative,15,10,diff,,,
production of tissue and organ biofabrication ARMI brings together,15,26,diff,empty,,
advances in manufacturing biotech medicine and life sciences to,2,15,diff,,,
create new possibilities for those with immediate need for human,2,10,diff,,,
tissue and organs Its a lifechanging approach that adds a new,4,26,diff,empty,,
ARMIs first automated tissue line went online in 2020 and with our,6,26,diff,empty,,
help eight more production lines will be installed by mid2022,24,26,diff,empty,,
Additionally were working together to develop ARMIs new Digital,12,11,diff,,,
A site for innovation and learning the Center will educate both ARMI,2,3,diff,,,
members and Rockwell customers about smart manufacturing and,15,15,,,,
Protecting the health and safety of our employees comes first,9,6,diff,,,
continued to work more safely with another year of,2,26,diff,empty,,
of how we took care of each other and how we found,10,26,diff,empty,,
new ways to work together and serve our customers,15,26,diff,empty,,
A global health crisis the COVID19 pandemic has been one of,5,6,diff,,,
the most difficult challenges faced in our lifetimes From the,9,26,diff,empty,,
start our global management and response team in tandem with,5,5,,,,
business functional and regional leaders have closely monitored,3,26,diff,empty,,
developments Weve followed US Centers for Disease Control and,2,26,diff,empty,,
World Health Organization guidelines along with local and regional,2,6,diff,,,
mandates With input from our medical consultant weve responded,12,26,diff,empty,,
Because we all have a role in protecting the health and safety,9,6,diff,,,
of ourselves each other and our communities we encouraged,10,26,diff,empty,,
everyone to get a COVID19 vaccine as they became available The,2,26,diff,empty,,
scientific community has declared vaccines safe and the most,14,10,diff,,,
effective means to keeping people healthy and to enabling us to return to more inperson interactions,2,26,diff,empty,,
Our 027 Recordable Case Rate RCR per 100 employees remained bestinclass as compared to industry performance,11,8,diff,,,
We tried to make it as easy as possible for our employees to get,8,26,diff,empty,,
vaccines including providing an additional eight hours of paid time,11,26,diff,empty,,
off to schedule a vaccine appointment We hosted onsite vaccina,2,26,diff,empty,,
tion clinics and provided transportation to clinics in India Mexico,2,17,diff,,,
and the Dominican Republic To increase vaccine rates in the US,16,26,diff,empty,,
where a large population of our employees work we provided a,11,26,diff,empty,,
200 discount on 2022 medical premiums to vaccinated partici,2,26,diff,empty,,
Recordable workrelated injury or illness requiring more than first aid,9,9,,,,
India COVID19 relief efforts We have 1500 employees in India a country that was,9,26,diff,empty,,
especially hard hit with a surge in COVID19 infections in,18,26,diff,empty,,
April 2021 As oxygen therapy emerged as a primary treatment,6,20,diff,,,
method we provided 25 oxygen concentrators for our employees,9,26,diff,empty,,
and their families to use Additionally we donated 40000 to,2,26,diff,empty,,
the United Ways India COVID19 fund to help provide medical,2,26,diff,empty,,
beds and BiPAP machines We also invested in charitable,2,26,diff,empty,,
Audits drive continuous improvement Even though most of us worked differently or,0,19,diff,,,
remotely in 2021 we continued to use best practices,12,11,diff,,,
compliance audits at all our locations to confirm,0,0,,,,
In November we started to require US employees,11,26,diff,empty,,
contractors and visitors to be fully vaccinated or undergo,2,26,diff,empty,,
weekly COVID19 testing when onsite at our locations,24,26,diff,empty,,
or when required to meet with customers As the risk,18,12,diff,,,
of COVID19 became more serious with the rise of new,18,26,diff,empty,,
variants we also required everyone to wear masks when,9,26,diff,empty,,
onsite regardless of vaccination status to help reduce,2,26,diff,empty,,
transmission Were proud that as of December 2021 more,12,26,diff,empty,,
than 80 of our US employees are fully vaccinated,2,26,diff,empty,,
Were taking the best of what we learned about new,2,26,diff,empty,,
ways of working to support our employees as we move,11,11,,,,
forward in 2022 As conditions allow weve been excited,12,11,diff,,,
to welcome employees back to our locations While we recognize productive work can be done in many places,11,26,diff,empty,,
based on the number of employees work performed,11,26,diff,empty,,
and risk In 2021 we conducted 33 audits of our largest,18,12,diff,,,
locations We also had 10 inspections from outside,0,26,diff,empty,,
interactions while also providing the flexible work options,8,26,diff,empty,,
We prioritize our environmental and safety management system certifications on,9,9,,,,
manufacturing sites with 25 or more employees who perform productionrelated,11,15,diff,,,
activities With this criterion sites may be required to achieve certification or may,12,26,diff,empty,,
drop from inclusion over time We modified how we count locations where a complex,8,7,diff,,,
of buildings that were once individually certified are now considered as one certified,14,26,diff,empty,,
location Our thirdparty auditor Det Norske Veritas concurs with our program and,12,26,diff,empty,,
criteria Currently we have 16 manufacturing locations certified to ISO 14001 and ISO,14,15,diff,,,
45001 which covers all our inscope sites Additionally weve committed to certifying,12,26,diff,empty,,
two manufacturing sites Artegna Italy and Devens Massachusetts from recent,15,15,,,,
acquisitions by 2024 An additional four independent locations are certified,6,26,diff,empty,,
Our new Hybrid Workplace Option provides a voluntary option for those employees in the US Puerto Rico,8,8,,,,
Well continue to evaluate where and how work can be done,12,26,diff,empty,,
with employee health and safety a top consideration Were,9,9,,,,
Canada Mainland China and Hong Kong who have roles,12,26,diff,empty,,
confident that by working together and taking additional,12,11,diff,,,
where they can work effectively both at their work location,15,26,diff,empty,,
steps to protect each other we can help our company,10,26,diff,empty,,
and remotely With this option employees who spend more,11,26,diff,empty,,
than 50 of their time at their primary locations have the,8,26,diff,empty,,
flexibility to work remotely the remainder of the work week,11,3,diff,,,
Our Asia Pacific Business Center APBC and Poland Environmental Health and Safety teams,9,9,,,,
each won awards from regional safety organizations in 2021,14,6,diff,,,
For the 10th year the Ministry of Manpower and Workplace Safety and Health Council honored,9,9,,,,
our APBC located in Singapore This year the organization recognized us with the Workplace,8,8,,,,
Safety Health Silver Award In Poland we received first place in the Health and Safety The,14,6,diff,,,
Best Employer Advisor competition organized by the Regional Labor Government Inspector and,4,11,diff,,,
Additionally a safety project at our Jundia Brazil plant won first place in the Thermal Category of the DuPont Awards for Occupational Safety and Health This award recognizes that we replaced our flameproof protective garments with a new customized suit that reduces the burn rate from 53 to 21 and increases the chances of survival from 45 to 805,9,9,,,,
We take a holistic view toward employee wellbeing encompassing physical mental emotional and financial health,9,9,,,,
higher levels of burnout while 40 reported declines in worklife,9,26,diff,empty,,
balance Our own Global Voices annual employee engagement,8,8,,,,
survey echoed those findings Wellbeing and balance surfaced,9,26,diff,empty,,
as critical priorities as our employees faced multiple demands at,9,26,diff,empty,,
work home from customers and in their communities,10,26,diff,empty,,
Because its important we help each other balance these,12,26,diff,empty,,
demands were always evaluating how to further enhance,12,26,diff,empty,,
our benefit offerings and other programs to support,12,26,diff,empty,,
employee wellbeing In late 2021 we announced new and,9,8,diff,,,
for our health benefits with the flexibility to care for their,2,11,diff,,,
We added a new Caregiver Leave benefit that provides up to two weeks paid time off to eligible employees to care for,11,26,diff,empty,,
The new Caregiver Leave policy is in addition to paid time off for parental leave We also expanded our Parental Leave benefit from four weeks to six weeks paid time off,11,12,diff,,,
Earlier in the year we added a free premium member,12,26,diff,empty,,
ship to Calm a leading app for sleep meditation and,2,26,diff,empty,,
also available to employee family members is part of,8,8,,,,
the holistic benefits and programs we offer to support,2,11,diff,,,
employee wellbeing including a free global and confi,9,8,diff,,,
Pandemic prompts parents and caretakers to form new employee resource group Even before the pandemic upended our lives parents,5,8,diff,,,
and caretakers felt the squeeze of balancing jobs and families Almost overnight some employees were juggling parenting work and schoolsometimes with everyone at the same kitchen tablewhile others were trying to look after older relatives To create a community of support and resources a group of employees formed our Parents CareTakers PaCT Employee Resource Group ERG,2,8,diff,,,
PaCTs mission is to act as an advocate and change agent for working parents and caretakers increasing visibility to their challenges and removing barriers In its first year PaCT initiated the effort to add breast milk shipping as a reimbursable benefit for Rockwell employees traveling overnight for business According to the annual Society for Human Resource Management SHRM Benefits Survey we are one of only a small percentage of companies that offer this benefit,2,11,diff,,,
With more than 250 global members PaCT is our newest of 14 ERGs Overall we have 61 ERG chapters across 21 countries with more than 6000 members,8,26,diff,empty,,
We also created a Balance Resources information hub with quizzes webinars,12,26,diff,empty,,
Lunch Learns videos podcasts and links to books articles and more information,2,26,diff,empty,,
Seeking to destigmatize mental health many of our employees shared stories about,9,9,,,,
their personal challenges and how theyre trying to find balance,10,26,diff,empty,,
A healthy balance is a key way to show each other we carethat we see one another,9,26,diff,empty,,
as whole individuals with vibrant and dynamic lives and recognize that each of us have,10,26,diff,empty,,
had different experiences over the past two years Through our Global Voices survey,8,26,diff,empty,,
one of our most important checkpoints for feedback we listened and we heard,12,26,diff,empty,,
our employees We added Support Balance for Everyone as part of the values and,10,0,diff,,,
behaviors outlined in our 2022 Strategic Framework which is our company roadmap,3,26,diff,empty,,
The roadmap starts with culture signi fying culture is foundational to all we do,8,8,,,,
everyone can and wants to do their best,10,26,diff,empty,,
This is a common refrain for us but its,4,26,diff,empty,,
so much more than a platitude Our four,4,26,diff,empty,,
life Culture is our way of doing things,8,8,,,,
us around the world Its how we show,3,26,diff,empty,,
Strengthen our commitment to integrity diversity and inclusion,8,7,diff,,,
Be willing to compare ourselves to the best alternatives,4,26,diff,empty,,
opportunity to have a great day every day And,2,26,diff,empty,,
Global Market Access is one of 400 global,4,26,diff,empty,,
after the past two years there was no better time,12,26,diff,empty,,
for us to come together to define what a great,23,26,diff,empty,,
said The most gratifying thing is witnessing how,4,26,diff,empty,,
day looks like and how to have more of those together To do that we launched our Culture Workshops in June 2021 These new workshops connect a crosssection of employees to explore as a group why culture matters what we can do,8,8,,,,
each one of them impacts our culture through,8,8,,,,
Our goal is to have all our 24500 employees,11,26,diff,empty,,
and how each of us plays an important role in our,10,26,diff,empty,,
complete the Culture Workshops by the end of,2,8,diff,,,
2022 and to integrate the workshops into our,2,26,diff,empty,,
and helping to shape our own employee path,8,8,,,,
A critical part of our culture is our commitment to diversity equity and inclusion DEI,8,8,,,,
to do more and act faster In 2021,12,26,diff,empty,,
We named Bobby Griffin as our first Chief Diversity Equity and Inclusion Officer He brings more than 25 years of diversity and,8,7,diff,,,
leaders to develop customized plans for each of their business units and functional,3,26,diff,empty,,
areas to attract develop and retain diverse talent at all levels including key roles,8,8,,,,
We started a formal Sponsorship Across Difference program in which each of our 300 directors vice presidents and senior vice presidents was asked to initiate,7,26,diff,empty,,
a sponsorship relationship with at least one employee below the director level of,8,7,diff,,,
SVP of Lifecycle Services and AAPN executive sponsor and Lucia Loza,15,26,diff,empty,,
a different gender race or ethnicity Unlike mentors who advise sponsors act,8,26,diff,empty,,
US Race Ethnicity FY21 BASED ON 8K US EMPLOYEES,8,26,diff,empty,,
n n 10 Asian n 5 Latinx n 75 White n,8,26,diff,empty,,
Company honors Several organizations recognized our continued efforts to build,12,26,diff,empty,,
a diverse equitable and inclusive workforce and culture,8,8,,,,
DiversityInc named us to its Noteworthy Companies for Diversity,8,6,diff,,,
list for the fourth consecutive year and to its Top Companies for,18,26,diff,empty,,
Employee Resource Groups list for the first time ranking us 15th,8,8,,,,
Forbes named us to its Americas Best Employers for Diversity 2021 list Companies were selected based on an independent survey of more than 50000 US employees,8,6,diff,,,
marking survey and report measuring corporate policies and,12,26,diff,empty,,
practices related to LGBTQ workplace equality This was the ninth,8,8,,,,
Employee honors The Society of Women Engineers SWE honored,8,8,,,,
the advancement of women in the engineering profes,8,26,diff,empty,,
Supporting Women in Engineering ERG in 2006 and has,8,26,diff,empty,,
been a longtime student mentor through SWE FIRST,2,26,diff,empty,,
Diversity Equity and Inclusion project manager as a,8,7,diff,,,
2021 STEP Ahead Award honoree and Jai Aja enterprise,12,26,diff,empty,,
Leader Shari was honored for her work to help build a,2,26,diff,empty,,
diverse talent pipeline and her many volunteer efforts,8,8,,,,
Often theres an affinity bias to sponsorship with relation,4,26,diff,empty,,
ships formed across sameness someone like us But with,4,26,diff,empty,,
inclusive culture by ensuring leaders are not advocating,8,8,,,,
only for people like them Leaders leverage their entire,4,26,diff,empty,,
talent pool women and people of color included which also,8,8,,,,
We supported our leaders success as sponsors with,12,26,diff,empty,,
Throughout Rockwell we invested in enhancing our ability,2,26,diff,empty,,
to lead diverse teams and build equity into the employee,8,8,,,,
experience so everyone has an opportunity to grow,8,26,diff,empty,,
develop and thrive Equity is providing the support each person needs and that varies depending on an individuals,2,6,diff,,,
We launched Managing Across Difference training for our 2969 global people managers The training is designed,8,8,,,,
strategies and tools for building trust psychological safety,9,6,diff,,,
coleads Rockwells Women in the Field ERG and serves,8,26,diff,empty,,
as chair of her local Women in Manufacturing chapter,8,15,diff,,,
and inclusion all of which are critical to fostering a greater,8,7,diff,,,
sense of belonging We piloted the training first with a,8,8,,,,
select group of managers of early career talent followed by,8,8,,,,
300 employees at the director level and above Ultimately,7,7,,,,
well roll out a version of the Managing Across Difference,4,26,diff,empty,,
To further develop our diverse talent we sent more than,8,8,,,,
100 employees to leadership training programs hosted by,8,8,,,,
the Executive Leadership Council ELC and the Hispanic,8,8,,,,
ELCs mission is to increase the number of successful,2,26,diff,empty,,
Black executives in the US and internationally while the,8,26,diff,empty,,
HACRs mission is to advance the inclusion of Hispanics in,8,7,diff,,,
Using language to fight bias foster belonging Language can help us build relationships and forge connections But it can also create barriers that impact someones,8,8,,,,
sense of belonging Our biases can show up in the words we use especially those related to race ethnicity culture,8,8,,,,
gender religion or perspective Even in science and technology some general language and technical terms that have been,8,26,diff,empty,,
As part of our DEI commitment we launched our,8,26,diff,empty,,
Adopting Inclusive Terminology initiative Our goal is to,8,26,diff,empty,,
whitelist black hat hacker and white hat hacker,1,26,diff,empty,,
avoiding offensive and biased language in our products,0,26,diff,empty,,
and content The initiative is led by a crossfunctional,12,26,diff,empty,,
products with millions of words to describe them,15,26,diff,empty,,
Were also working with industry peers and standards,12,11,diff,,,
organizations to identify and replace such terms and,12,26,diff,empty,,
Our criteria for change includes terms that are profane,12,26,diff,empty,,
or derogatory contain unconscious bias in relation to,4,26,diff,empty,,
Adopting Inclusive Terminology is about far more than,8,26,diff,empty,,
replacing words Its about being thoughtful and inten,23,26,diff,empty,,
tional ensuring that we use language in a mindfully,8,26,diff,empty,,
status or political views or evoke violent metaphors,4,26,diff,empty,,
We developed and expanded our relationships with key,3,26,diff,empty,,
As a leader in our industry we remained out front as a,3,26,diff,empty,,
partners including AfroTech the Society of Asian Scientists,8,26,diff,empty,,
voice and advocate for driving DEI We led another series,2,26,diff,empty,,
and Engineers and the Society of Hispanic Professional,8,26,diff,empty,,
of Bold Conversations at our annual Automation Fair,4,26,diff,empty,,
Engineers We hosted recruiting booths at each of their,4,26,diff,empty,,
event held inperson and virtually in 2021 We held five,12,26,diff,empty,,
national conferences to connect with the thousands of,12,26,diff,empty,,
discussions including How to be an Ally in a Time of Crisis,18,26,diff,empty,,
technical professionals and students that attended Overall we extended more than 47 job offers onsite at,8,26,diff,empty,,
Creating a Psychologically Safe Workplace the Impact on Attracting and Retaining Talent and Inclusion in a Hybrid,8,8,,,,
Work Environment We also hosted two ondemand DEI,10,26,diff,empty,,
At the higher education level we held our inaugural HBCU,2,26,diff,empty,,
Later in this report well share how were partnering with,4,4,,,,
Day HCBUs are a staple in the Black community with a,10,10,,,,
industry peers academia and nonprofits to prepare the,12,26,diff,empty,,
rich history Today there are more than 100 HBCUs that,12,26,diff,empty,,
diverse workforce of tomorrow and increase access to,8,11,diff,,,
enroll 228000 students We held a virtual event with a,2,26,diff,empty,,
welcome from our Senior Vice President and Chief Supply,17,26,diff,empty,,
Chain Officer Ernest Nicolas and an overview of our DEI,7,26,diff,empty,,
commitment from Bobby Griffin Our hiring managers and,8,26,diff,empty,,
We start with our Code of Conduct which details the,0,26,diff,empty,,
rules we follow and provides a framework for all our,12,26,diff,empty,,
decisions and behaviors Updated in 2020 our refreshed,12,26,diff,empty,,
Code of Conduct reinforces our commitments to integrity,0,0,,,,
Our rigorous commitment to ethics and integrity is firmly ingrained in our culture and guides our every action,0,0,,,,
each other customers and partners the company and the communities where Rockwell employees live and work,10,26,diff,empty,,
In 2021 we provided a comprehensive introduction to our new Code in our Annual Ethics Training which 100 of our Board of Directors employees and contractors completed,0,6,diff,,,
Typically each years training focuses on several topics,2,8,diff,,,
within the Code but for 2021 we reviewed each of the Codes,12,26,diff,empty,,
Also last year we significantly expanded the reach and,12,26,diff,empty,,
content of our workplace harassment training For the first,8,8,,,,
time in 2021 we required each of our 2969 global people,10,26,diff,empty,,
of our Board of Directors employees and contractors completed Annual Ethics Training,0,6,diff,,,
managers to complete the scenariobased training that now,8,8,,,,
includes all forms of harassment and can be customized to,8,26,diff,empty,,
Ethics and integrity are among our highest scoring drivers,0,0,,,,
of employee engagement nurtured and cultivated through a,8,8,,,,
strong speak up mindset A hallmark of that mindset is our,0,26,diff,empty,,
independent Ombuds program that reports directly to the,12,26,diff,empty,,
Since 1985 our Ombuds has become a trusted resource,0,26,diff,empty,,
for colleagues and others to seek advice share concerns,12,4,diff,,,
and report allegations of wrongdoing and possible Code of,0,26,diff,empty,,
Conduct violations We were one of the first US companies,0,26,diff,empty,,
to form an Ombuds office which now includes regional,12,26,diff,empty,,
Ombuds in Latin America the Europe Middle East and,12,26,diff,empty,,
During 2021 the Ombuds received 490 contacts consistent,12,26,diff,empty,,
with the annual range of between 400 and 500 contacts for,12,26,diff,empty,,
the past five years At 34 our anonymous contact rate is significantly lower than the global benchmark of 58,0,26,diff,empty,,
reflecting a high degree of trust from our employees As,0,26,diff,empty,,
typical of other global companies North America represents,18,26,diff,empty,,
the highest percentage of Ombuds contacts However our,0,26,diff,empty,,
contacts from outside of North America grew to 42 last,3,26,diff,empty,,
The office of the Ombuds performed more than 100 investi,12,26,diff,empty,,
gations and substantiated nearly 60 of them a rate signifi,12,26,diff,empty,,
cantly higher than the global benchmark This indicates,18,26,diff,empty,,
and the company has a strong investigation process,0,26,diff,empty,,
A Worlds Most Ethical Company Ethisphere a global leader in defining and advancing,0,26,diff,empty,,
us as one of the Worlds Most Ethical Companies for,0,26,diff,empty,,
the 13th time in 2021 The highly soughtafter honor,12,26,diff,empty,,
ties they serve said Ethisphere CEO Timothy Erblich,0,26,diff,empty,,
lead on earning the trust of stakeholders through,10,26,diff,empty,,
resilience and a commitment to ethics and integrity,0,0,,,,
Annually we honor colleagues whose courageous actions and choices demonstrate our ethical values Our annual Global Integrity Champions have spanned all business units organizational levels and regions with each,0,0,,,,
making the right decision when faced with a difficult ethical choice,0,26,diff,empty,,
For our 2021 champion Stefano Pini that decision came after someone,4,26,diff,empty,,
tried to bribe him for passwords to a customers network Stefano is an,0,26,diff,empty,,
Italybased software solutions sales engineer who works for ASEM a,15,26,diff,empty,,
Rockwell company As directed in Rockwell and ASEMs antibribery and,15,26,diff,empty,,
corruption policies Stefano immediately refused and reported the matter,0,0,,,,
to his manager Our Ombuds office notified the Italian criminal authorities,12,26,diff,empty,,
and informed the customer someone was attempting to breach their,1,22,diff,,,
We also recognized two employees as Honorable Mentions Canninah Mapena,7,26,diff,empty,,
country sales director South Africa faced multiple ethics and compliance,0,12,diff,,,
challenges including the discovery of a major theft ring Canninah bravely,0,26,diff,empty,,
reported the issue and worked closely with our security team and police to,1,22,diff,,,
crack the ring even when her personal safety appeared at risk Shes also,9,6,diff,,,
fostered a speak up mindset and has organized town hall sessions engaging,10,26,diff,empty,,
our hundreds of South African employees for candid discussions with her our,0,26,diff,empty,,
Marcelo Tarkieltaub regional director Southeast Asia hired someone he,3,7,diff,,,
knew and recommended to Rockwell But when he suspected his new hire,8,26,diff,empty,,
of behavior that violated our Code of Conduct he reported the behavior and,0,26,diff,empty,,
stepped aside to ensure our Ombuds office could conduct a fair and impartial,12,26,diff,empty,,
investigation When those violations were confirmed and substantiated,0,26,diff,empty,,
Marcelo supported the separation of his recent hire,8,26,diff,empty,,
Stefano Canninah and Marcelo all reflect why we have earned a valued,0,26,diff,empty,,
reputation for integrity We work hard to meet business goals but never at,0,0,,,,
We focus our environmental stewardship on reducing energy waste and water use,19,19,,,,
As part of our 2030 carbon neutral goal Scopes 1 and 2,24,21,diff,,,
projects that we estimate will eliminate more than 4500 metric tons of CO2 annually Thats equivalent to taking more than 1000 cars off the road and saving enough energy to,24,24,,,,
program in Europe with Tauron Polska Energia that will,12,26,diff,empty,,
provide green energy with zero emissions to our Katowice,24,21,diff,,,
upgraded to LED lighting on its production floor,24,26,diff,empty,,
Green roof helps city manage stormwater overflows Rain gardens and barrels undeveloped riverfront land and,20,20,,,,
buildinghelped the city of Milwaukee prevent millions of gallons,24,26,diff,empty,,
of untreated water from flowing into the regions waterways,20,20,,,,
after several days of heavy summer rains Planted in 2010 our,13,26,diff,empty,,
49000 squarefoot green roof features a dozen varieties of,15,26,diff,empty,,
sedum and native perennials The plants help to slow and absorb,23,26,diff,empty,,
stormwater from heavy rains that can otherwise contribute to,13,20,diff,,,
sewer overflows and threaten to overwhelm the system During,20,26,diff,empty,,
the past 11 years our green roof has absorbed over 11 million,2,26,diff,empty,,
gallons of water Thats a savings equal to the annual water use,20,20,,,,
At our Milton Keynes location in the United Kingdom we,4,26,diff,empty,,
installed a heat reflective film and perimeter around two,24,26,diff,empty,,
of our facilitys buildings to eliminate the greenhouse,25,25,,,,
warming effect during the summer and improve efficiency,25,20,diff,,,
of the facilitys cooling and heating systems At our nearby,24,26,diff,empty,,
warehouse heaters and boilers and installed heat screens,24,26,diff,empty,,
In Sahibabad India and Milwaukee Wisconsin we removed,12,26,diff,empty,,
completed lighting upgrades in Milwaukee as well as at our,24,26,diff,empty,,
underway for an estimated further reduction of 2100 metric tons of CO2 annually including seeking LEED Gold Commercial Interiors certification for our new China,12,19,diff,,,
Normalized Emissions Trend Scopes 1 and 2 emissions as metric tons of CO2 equivalent per million USD of sales,25,21,diff,,,
headquarters office in Shanghai LEED which stands for,12,26,diff,empty,,
Leadership in Energy and Environmental Design is the,15,8,diff,,,
Emissions Summary 109700 total metric tons of CO2 equivalent,25,21,diff,,,
n 17 Scope 1 direct n 83 Scope 2 indirect,12,26,diff,empty,,
most widely used green building rating system in the world,24,26,diff,empty,,
In Harbin China we are replacing an outside wall with a,24,26,diff,empty,,
thicker and lower heat transfer coefficient wall Lastly,24,26,diff,empty,,
we have additional lighting HVAC and other equipment,24,26,diff,empty,,
upgrades in process in our Katowice Poland and Mayfield,3,26,diff,empty,,
Looking ahead we have a dozen projects in our approval,3,26,diff,empty,,
pipeline including pursuing steam recovery as a heat source,24,5,diff,,,
We also engaged an outside consultant to facilitate a multi,12,26,diff,empty,,
year project to classify our Scope 3 emissions and impacts,25,21,diff,,,
Scope 3 emissions also referred to as value chain emissions,25,21,diff,,,
fall within 15 categories both upstream and downstream of,20,26,diff,empty,,
an organizations activities Because not every category is relevant to every organization this project will define the,12,26,diff,empty,,
categories material to Rockwell As part of this work we will,23,26,diff,empty,,
also assess the carbon footprint and impacts for two of our,13,24,diff,,,
86 solid waste deferral rate exceeds annual 85 goal,19,19,,,,
Hazardous waste accounted for only 4 of total waste generated,19,19,,,,
Technology eliminates hundreds of thousands of pounds of paper waste Using our own advanced automation,19,19,,,,
solutions Previously a job packet for a single,15,26,diff,empty,,
project required up to 26 pounds of paper,19,26,diff,empty,,
amount of toner and energy used for printing,24,24,,,,
Overall we estimate this effort has reduced our carbon footprint by 197 tons of CO2,25,24,diff,,,
Solarpowered lighting and fans for 550 lowincome India families In partnership with Habitat for Humanity India we,24,23,diff,,,
lowincome homes with no electricity in Uttar Pradesh,24,26,diff,empty,,
Most of our emissions are indirect Scope 2 emissions gener,25,21,diff,,,
ated by utilities from the electricity we use to light heat and cool our buildings While we had a slight increase in our CO2e emissions in 2021 we continued to reduce our energy intensity,24,21,diff,,,
when emissions were normalized to sales with energy conser,24,21,diff,,,
vation efforts helping to minimize the environmental impact of,23,9,diff,,,
We measure and report energy use and carbon emissions at,24,21,diff,,,
our largest locations including core manufacturing and office,15,15,,,,
facilities We calculate the balance of carbon footprint using,13,24,diff,,,
emission factors based on location and occupied office space,21,26,diff,empty,,
two LED lights and a fan Besides providing a much,24,26,diff,empty,,
Energy is a minor percentage of the total operational costs at,24,24,,,,
lighting also provides children with more hours to,2,26,diff,empty,,
Wisconsin and Canada honors For the eighth consecutive,12,26,diff,empty,,
In Canada our Cambridge plant won a silver medal,4,26,diff,empty,,
as part of a twoyear energy management challenge,24,11,diff,,,
As one of the challenges 24 participants we were,2,26,diff,empty,,
We focus the remainder of our environmental stewardship,23,7,diff,,,
efforts on waste and water consumption In 2021 we exceeded,20,19,diff,,,
our annual goal to recycle or reclaim 85 of solid waste gen,19,19,,,,
er ated Our water use rose slightly just missing our annual,20,20,,,,
zero increase goal We use water mostly to drink for sanitary,20,20,,,,
purposes and to cool and clean during manufacturing,15,15,,,,
As previously noted on page 22 we have 20 manufacturing,15,15,,,,
locations certified to certified to ISO 14001 and ISO 45001,15,26,diff,empty,,
ultrasonic leak detection and using energy data to,1,22,diff,,,
Water use slightly over annual zero increase goal,20,20,,,,
Our accelerated efforts to reduce environmental impacts and drive sustainable change extends to our global supply chain,17,9,diff,,,
We are fortunate to partner with diverse suppliers,17,26,diff,empty,,
sustainability for the mutual benefit of our joint relation,12,0,diff,,,
ships customers communities and the world around us,10,26,diff,empty,,
Together we continue our efforts to create a more respon,4,26,diff,empty,,
sible supply chain aligned with the needs of our customers,17,26,diff,empty,,
we did at the corporate level with our 2020 materiality,12,26,diff,empty,,
assessment weve turned to outside experts to help us,12,10,diff,,,
assess opportunities to improve the sustainability of our,3,0,diff,,,
supply chain and increase the level of engagement within,17,7,diff,,,
AfricanAmericanowned investment banking firm coleads Rockwell Automation bond offering,12,26,diff,empty,,
We selected Loop Capital Markets a nationally recognized,4,25,diff,,,
Blackowned investment banking firm as a joint active,4,26,diff,empty,,
forward for its corporate peers in the industrial and technology,3,26,diff,empty,,
bookrunner on a 15 billion bond offering that funded a portion,4,26,diff,empty,,
ment toward diversity equity and inclusion as a company,8,7,diff,,,
Weve worked with Loop Capital Markets in the past noted,4,25,diff,,,
Rockwells Isaac Woods vice president and Treasurer Were,7,26,diff,empty,,
pleased to have the opportunity to elevate such a highquality,0,26,diff,empty,,
firm to a lead position in this transaction,4,26,diff,empty,,
underwriter Rockwell Automation is sending a powerful message,1,26,diff,empty,,
of support for equity on Wall Street and is providing a path,18,6,diff,,,
BofA Securities Goldman Sachs Co LLC and Wells Fargo,4,26,diff,empty,,
Securities joined Loop Capital Markets as jointlead under,4,25,diff,,,
writers Through longstanding relationships with our group of,8,26,diff,empty,,
strategic partner banks we continue to strengthen our shared,3,26,diff,empty,,
commitment to sustainability and equity while amplifying and,10,6,diff,,,
elevating the stature of diverse firms across the global corporate,8,26,diff,empty,,
To that end we plan to look to the Responsible Business Alliances RBA Code of Conduct as a guideline for future updates to our own Supplier Code of Conduct The RBA is the worlds largest industry coalition dedicated to corporate social responsibility in global supply chains,17,10,diff,,,
Its Code of Conduct is a set of social environmental ethical and management systems,0,9,diff,,,
standards RBA updates the Code every three years to ensure relevance to current issues and expectations facing global supply chains,17,11,diff,,,
Regardless of the global supply challenges facing industry today our responsible supply,17,26,diff,empty,,
chain is at the forefront of our efforts from supplier information campaigns including our,17,26,diff,empty,,
2021 Virtual Supplier Conference to using our own technologies and data to augment decision,17,22,diff,,,
making and provide even greater visibility into our supply chain planning and operations,17,26,diff,empty,,
Weve set out to reimagine the role of our supply chain manufacture in an even more respon,17,26,diff,empty,,
sible and sustainable manner and continue to exceed customer expectations with trusted,15,26,diff,empty,,
At Rockwell philanthropy extends beyond financial investments Its about people action and purposedriven passion to create transformational change,10,26,diff,empty,,
Our philanthropic strategy is built upon our business impera,12,26,diff,empty,,
tive to ensure a skilled workforce now and in the futureone,8,11,diff,,,
that reflects the diversity of our customers and partners regions,8,6,diff,,,
and communities For us it goes beyond the skills gap With,10,26,diff,empty,,
our STEM education partners were diligent in our intent to close,2,26,diff,empty,,
the belief and opportunity gaps that create barriers for girls and,8,26,diff,empty,,
We support organizations and opportunities that foster an,2,26,diff,empty,,
awareness of the systems and barriers that perpetuate the social,10,10,,,,
economic and educational challenges our communities face And,10,26,diff,empty,,
we contribute to the vibrancy of our regions through investment,4,26,diff,empty,,
in programs that address those inequities creating access for the,2,26,diff,empty,,
visitors attended the exhibit and through a free,23,26,diff,empty,,
among those leading this effort We provided a,12,26,diff,empty,,
For Januarys Martin Luther King Jr Day we,10,26,diff,empty,,
signature class Unlearning Racism Tools for Action The YWCA SEW has seen a surge in demand for its offerings which focus on the,12,4,diff,,,
Legacy A Fight for Fair and Equitable Wages,11,11,,,,
Also as part of our tribute to the legacy of Dr,23,26,diff,empty,,
We cosponsored the US debut of Mandela The,10,26,diff,empty,,
King we sponsored a live reading of I am a Boy of,8,26,diff,empty,,
that is designed to help parents to talk to their,2,26,diff,empty,,
celebrated the life of one of the worlds most,9,26,diff,empty,,
Driving equity in our communities starts with our youngest learners,2,6,diff,,,
We support organizations and activities that provide all students with equal access to STEM,2,26,diff,empty,,
opportunities and the belief that they will be our future makers creators and builders,3,26,diff,empty,,
In 2021 we surpassed 30 million in cash and inkind product donations to nonprofit FIRST with a new,12,26,diff,empty,,
27 million grant to support global programming for the 20212022 season FIRST a key Rockwell STEM,12,26,diff,empty,,
education partner since 2006 inspires students ages 4 to 18 to become science and technology leaders,2,26,diff,empty,,
and innovators by engaging them in exciting handson mentorbased programs,8,26,diff,empty,,
are twice as likely to show an increase in,18,26,diff,empty,,
are more likely to major in STEM fields,8,26,diff,empty,,
Our goal is to not only introduce students,8,26,diff,empty,,
to declare a major and take courses in,2,26,diff,empty,,
but also to create and equip the spaces,15,26,diff,empty,,
that foster their innovation and creativity and nurture their problemsolving and,15,3,diff,,,
for young women in STEM and their allies,2,26,diff,empty,,
as a judge at the worlds largest FIRST,4,26,diff,empty,,
foot playing field area funded with a 350000,2,26,diff,empty,,
more than 300 area students with access to new,2,26,diff,empty,,
We also funded a 100000 grant to the Milwaukee,12,26,diff,empty,,
Robotics Academy MRA as part of our FIRST,8,26,diff,empty,,
education to underserved populations including facilities for high school students and teams to,2,26,diff,empty,,
We joined the Great Lakes Science Center to host hundreds of Clevelandarea students for,2,26,diff,empty,,
Manufacturing Day MFG Day A National Association of Manufacturers and Manufacturers,15,15,,,,
Institute initiative MFG Day is an annual series of events to inspire the next generation by show,2,24,diff,,,
casing modern manufacturing careers Volunteers from Rockwell and five other local companies,8,15,diff,,,
assisted students with interactive advanced manufacturing and technology experiences including,15,15,,,,
augmented reality LEGO robot coding and virtual welding,15,26,diff,empty,,
Two Rockwell employees serve on MRAs advisory board,7,7,,,,
When the fiveday period ended we exceeded our goal with,4,26,diff,empty,,
including FIRST alum Javion Mosley who also mentors his,8,26,diff,empty,,
1175 families logging more than 109000 minutes of play of,2,26,diff,empty,,
former FIRST Robotics team which started MRA Nearly,4,26,diff,empty,,
which nearly 80 was in Spanish For those without home,2,26,diff,empty,,
threequarters of MRA alums work in STEM fields including,8,26,diff,empty,,
technology we bridged the digital divide by providing books,4,26,diff,empty,,
and games Additionally we partnered with the United Way,12,26,diff,empty,,
to supplement the learning opportunity with winter break,8,26,diff,empty,,
To support and engage students and families at home,2,26,diff,empty,,
meal kits for 300 families facing food insecurity,2,26,diff,empty,,
we launched Milwaukee Math Week in partnership with,2,10,diff,,,
and families to enjoy 100000 minutes of free online math,2,26,diff,empty,,
Our employees broaden the reach of our philanthropic investment and impact with their time talent and personal resources,8,8,,,,
To make it easier for employees to learn about and participate in local,8,26,diff,empty,,
volunteer opportunities and to enhance their personal giving with company,8,26,diff,empty,,
Recently launched in a dozen countries in Asia Pacific and North America,12,26,diff,empty,,
employees can access this new volunteer program and platform from their,8,26,diff,empty,,
smartphones or computers Once they find opportunities they can track their,1,26,diff,empty,,
volunteer time earn 10 per hour Reward Dollars and direct their rewards,11,26,diff,empty,,
balance to support nonprofits of their choice Further ROK in Action makes,2,26,diff,empty,,
it possible for employees to volunteer during work hours with up to 24 hours,11,26,diff,empty,,
volunteer paid time off annually We plan to roll out ROK in Action to additional,11,26,diff,empty,,
Additionally in 2021 we honored the four winners of our annual Volunteer Recognition Program with a 5000 contribution to their charity of choice The awards celebrate the value of volunteerism and create awareness for the,9,8,diff,,,
organizations and missions our employees are passionate about serving,10,26,diff,empty,,
Healthy communities Regardless of race gender or economic status the pandemic impacted us,8,26,diff,empty,,
all in ways none of us could have predicted Since it first became available,6,26,diff,empty,,
weve continuously encouraged everyone to get a COVID19 vaccine To,2,26,diff,empty,,
assist with reaching the most vulnerable in our headquarters community we,2,10,diff,,,
donated 50000 to HealthyMKE The comprehensive multimedia and grass,12,26,diff,empty,,
roots information campaign was created by a broad coalition of local govern,12,26,diff,empty,,
ment nonprofit health care public health and community organizations,2,6,diff,,,
HealthyMKE targets the moveable middle uncertain individuals who may,4,26,diff,empty,,
be open to the vaccine With educational resources and tools the campaign,2,26,diff,empty,,
is designed to help empower people to make informed choices about,15,26,diff,empty,,
Humanitarian relief Whether from natural disaster a humanitarian crisis or circumstance the,5,26,diff,empty,,
need for relief in communities around the world persisted this past year,10,26,diff,empty,,
We donated 85000 to the Red Cross to support several critical disaster and,5,26,diff,empty,,
humanitarian relief efforts Our contributions supported the nonprofits work and,5,26,diff,empty,,
volunteers in Haiti following a massive earthquake and in the US after Hurricane,5,26,diff,empty,,
Ida moved from the Gulf Coast to the Northeast Our donations also supported,13,26,diff,empty,,
relief efforts in the immediate aftermath of two dozen tornadoes that struck the,5,26,diff,empty,,
Midwest and southern states Additionally we supported the Red Crosss humani,12,26,diff,empty,,
tarian relief efforts for military veterans and evacuees following military unrest in Afghanistan,9,26,diff,empty,,
Meanwhile housing insecurity as a way of life remains a challenge in our local,18,26,diff,empty,,
communities Dozens of our Wisconsin employees volunteered to assemble more,11,26,diff,empty,,
than 500 laundry and linen kits in the spring Wisconsin and Ohio employees,19,26,diff,empty,,
Many of us may not have realized until these projects how prevalent homeless,5,26,diff,empty,,
ness and housing issues are in the communities where we live and work said,10,26,diff,empty,,
Greg Gernert vice president and general manager Motion Controls and United Way,18,26,diff,empty,,
executive cosponsor This is just one way where we can come together to help,12,26,diff,empty,,
make a difference for so many local families in need,10,26,diff,empty,,
Preparing business and the workforce for the jobs of the future is a task that no one company university or government agency can do alone,8,11,diff,,,
Thats why we partner with industry peers and educational institutions,2,26,diff,empty,,
worldwide to invest in academic innovation training and curriculum,2,3,diff,,,
designed to accelerate the adoption of new technologies and skill sets,8,26,diff,empty,,
With realworld applications and advancedtechnology labs in high schools,2,26,diff,empty,,
technical colleges and universities our Global Academic Organization,2,26,diff,empty,,
focuses on developing the diverse and futureready workforce of,8,11,diff,,,
tomorrow Annually we reach more than 30000 students preparing,2,26,diff,empty,,
As part of Ohios high school Graduation Pathways we partnered with,2,26,diff,empty,,
FANUC America to combine the previously separate Automation and,4,26,diff,empty,,
Robotics Pathways into a single integrated program Pathways provide students with,2,26,diff,empty,,
To train educators in the newly integrated approach,2,26,diff,empty,,
funded with an Ohio Department of Labor grant,11,11,,,,
learning and visits to see Rockwell technology in,2,26,diff,empty,,
action at the Great Lakes Brewing Company and a,6,26,diff,empty,,
The training also included sessions on diversity and,8,8,,,,
and urban and rural locations for success We held,10,26,diff,empty,,
the training at the Garrett Morgan School GMS of,12,8,diff,,,
schools that serve mostly Black students and house,8,26,diff,empty,,
of our Mach3 effort to reach and enroll more diverse,8,26,diff,empty,,
partner with FANUC and LCCC in summer 2022 to,12,26,diff,empty,,
Industry coalition develops apprenticeships We joined with FANUC America to form an,2,26,diff,empty,,
Magna Tyson Foods and the Advanced Robotics for,6,26,diff,empty,,
At Cleveland State University where our partnership goes back to the late 1990s we celebrated the grand opening of the Rockwell Automation Connected Enterprise Laboratory Touted as fully Industry 40 connecting manufacturing automation and the,15,10,diff,,,
Industrial Internet of Things IIoT the lab is the Washkewicz College,15,26,diff,empty,,
of Engineerings latest initiative to fulfill its mission to produce,12,26,diff,empty,,
ment provides students with access and instruction on the same,2,26,diff,empty,,
types of advanced manufacturing equipment used across industry,15,15,,,,
today and includes 14 workstations accommodating 28 students,2,26,diff,empty,,
Beijing Jiaotong University students win annual China Industrial Intelligence Challenge Classmates Li Junying and Zhang Zhe from Beijing,4,26,diff,empty,,
Together with Chinas Ministry of Education we are a,12,26,diff,empty,,
that encourages students to research explore and use,2,4,diff,,,
were among the award winners at the annual China,12,26,diff,empty,,
We also opened the Rockwell Automation Lab at Can Tho University in Vietnam The countrys most modern and wellequipped automation laboratory,24,26,diff,empty,,
It features 20 basic and 19 advanced workstations,15,26,diff,empty,,
and one virtual model to emulate factory automa,4,26,diff,empty,,
In Wisconsin members of the Board of Regents,12,7,diff,,,
and chancellors from other UW System universi ties toured the University of WisconsinMilwaukee Connected Systems Institute CSI We are a founding member of the CSI pictured right,12,26,diff,empty,,
which includes a mini factory of the future used for learning and collaborative research and to,2,4,diff,,,
the CSI is developing new ways to integrate,12,26,diff,empty,,
gence robotics and data from the IIoT into next,4,22,diff,,,
Fully and securely connected end to end in 2021,1,26,diff,empty,,
the CSI to launch a new Digital Manufacturing,15,15,,,,
Certification in the spring and with our other,2,26,diff,empty,,
our global network of more than 150 automation,15,26,diff,empty,,
to work on the physical system itself Together,15,9,diff,,,
Even before the pandemic the lack of skilled labor was a major challenge for the manufacturing sector,11,11,,,,
supply chain issues A 2021 study found the,17,26,diff,empty,,
To serve our veterans and help close that gap we developed the Academy of Advanced Manufacturing AAM program jointly with ManpowerGroup AAM serves as a bridge from,8,15,diff,,,
US manufacturing skills gap could result in 21,8,15,diff,,,
Honors for our efforts to promote veteran employment,8,11,diff,,,
Business Journal honored us as part of its 2021,3,26,diff,empty,,
Since the programs 2017 inception AAM has upskilled and,12,26,diff,empty,,
most of those grads in high demand manufacturing roles,17,4,diff,,,
75000 AAM grads represent all branches of the military and 41 are people of color,8,26,diff,empty,,
More than 80 Rockwell customers have hired AAM grads,12,26,diff,empty,,
and a quarter of those manufacturers are repeat employers interested in multiple hires including The Goodyear Tire Rubber Company The companys four recent hires serve in area manager maintenance specialist and electronic,11,26,diff,empty,,
technician roles at Goodyears Danville Virginia tire plant,15,26,diff,empty,,
a Navy veteran said AAM offers a unique opportunity to tap,9,26,diff,empty,,
into highly trained candidates and builds on those candi,0,26,diff,empty,,
ful in terms of actual outcomes and impact The,12,10,diff,,,
to organizations that have met or exceeded their,12,26,diff,empty,,
standard in recruiting hiring and training of veterans,8,8,,,,
is a celebration of US military veterans and,8,26,diff,empty,,
This program basically gives us ideal candidates for the roles we need to fill,8,26,diff,empty,,
said Brown Theyre coming in ready to work and they already have the leader,3,26,diff,empty,,
AAM combines technical classroom training handson lab experience and,2,8,diff,,,
professional development education at Rockwells facilities in Milwaukee,2,4,diff,,,
Wisconsin and Cleveland Ohio Housing is provided and candidates are paid,11,26,diff,empty,,
In 2021 AAM was authorized as a US Department of Defense SkillBridge Program SkillBridge connects Service members with industry partners in realworld job experiences For industry partners SkillBridge is an opportunity,8,6,diff,,,
to access and leverage the worlds most highly trained and motivated workforce,8,11,diff,,,
It also means we can recruit inperson and virtually on military bases with,8,26,diff,empty,,
potential candidates preparing to separate from service As such we held our,8,6,diff,,,
first inperson hiring event at the Fort Hood US Army base in the fall,8,26,diff,empty,,
AAMs 20th cohort started in January the first of six 2022 cohorts Also new,8,26,diff,empty,,
in 2022 AAM will pilot adding spouses of veterans and transitioning service,8,6,diff,,,
members with technical backgrounds in electronics to the program,8,26,diff,empty,,
